filetimestamp,postime,icao,reg,type,wtc,spd,altt,alt,galt,talt,lat,lon,vsit,vsi,trkh,ttrk,trak,sqk,call,gnd,trt,pos,mlat,tisb,sat,opicao,cou,mil,interested,dst,from,to,NNUMBER,SERIAL NUMBER,YEAR MFR,NAME,STREET,STREET2,CITY,STATE,ZIP CODE,REGION,COUNTRY,trace_url
2020-07-20 20:26:13,1595301969426,A4B58E,N402RH,RV10,1,131.2,0,3675,3634,,45.41101,-122.612379,0,576,0,,3.1,0153,N402RH,0,5,1,0,0,0,,United States,0,0,6.23,,,,40204                         ,2008,HICKMAN ROBERT J                                  ,24172 S SKYLANE DR               ,                                 ,CANBY             ,OR,970139730 ,S,US,https://tar1090.adsbexchange.com/?icao=A4B58E&lat=45.409&lon=-122.898&zoom=9.0&showTrace=2020-07-21
2020-07-20 20:26:13,1595301968974,A62201,N4945F,R44,1,114.5,0,1400,1359,,45.361633,-122.673798,1,-320,0,,146,1200,N4945F,0,5,1,0,0,0,,United States,0,0,8.61,,,,10015                         ,2002,EMERALD CITY AIRCRAFT LEASING INC                 ,PO BOX 1674                      ,                                 ,PORT ORCHARD      ,WA,983660175 ,S,US,https://tar1090.adsbexchange.com/?icao=A62201&lat=45.409&lon=-122.898&zoom=9.0&showTrace=2020-07-21
2020-07-20 20:26:13,1595301968218,A88467,N648QX,E75L,2,124.9,0,550,510,4000,45.569916,-122.556845,0,-640,0,,299.2,4624,QXE2551,0,5,1,0,0,0,QXE,United States,0,0,6.31,,,,17000789                      ,2019,HORIZON AIR INDUSTRIES INC                        ,19300 INTERNATIONAL BLVD         ,C/O LEGAL SEAZL                  ,SEATTLE           ,WA,98188     ,S,US,https://tar1090.adsbexchange.com/?icao=A88467&lat=45.409&lon=-122.898&zoom=9.0&showTrace=2020-07-21
2020-07-20 21:00:01,1595303997331,A96518,N704TE,S22T,1,116.8,0,1125,1085,3008,45.595413,-122.610972,0,704,0,,234.4,4751,N704TE,0,5,1,0,0,0,,United States,0,0,6.05,,,,1027                          ,2015,DMK GOLF DESIGN INC                               ,2755 NW CROSSING DR STE 225      ,                                 ,BEND              ,OR,977037050 ,S,US,https://tar1090.adsbexchange.com/?icao=A96518&lat=45.409&lon=-122.898&zoom=9.0&showTrace=2020-07-21
2020-07-20 21:00:01,1595303997332,ACB1E2,N917NK,A20N,2,361,0,11225,11185,22016,45.526978,-122.741416,0,1152,0,,137.5,6634,NKS261,0,5,1,0,0,0,NKS,United States,0,0,3.09,KPDX Portland United States,KLAS McCarran Las Vegas United States,,9179                          ,2019,BANK OF UTAH TRUSTEE                              ,50 S 200 E STE 110               ,                                 ,SALT LAKE CITY    ,UT,841111617 ,S,US,https://tar1090.adsbexchange.com/?icao=ACB1E2&lat=45.409&lon=-122.898&zoom=9.0&showTrace=2020-07-21
2020-07-20 21:20:01,1595305199276,A22642,N238AK,B739,2,167,0,1300,1260,6016,45.602619,-122.619713,0,1600,0,279.8,293.6,3527,ASA167,0,5,1,0,0,0,ASA,United States,0,0,6.3,PANC Ted Stevens Anchorage United States,PAFA Fairbanks United States,,62681                         ,2016,ALASKA AIRLINES INC                               ,C/O LEGAL DEPARTMENT - SEAZL     ,19300 INTERNATIONAL BLVD         ,SEATTLE           ,WA,98188     ,S,US,https://tar1090.adsbexchange.com/?icao=A22642&lat=45.409&lon=-122.898&zoom=9.0&showTrace=2020-07-21
2020-07-20 21:20:01,1595305198518,AB4825,N826LF,EC35,1,112.3,0,1125,1075,,45.625476,-122.78849,1,0,0,,351.3,0301,N826LF,0,5,1,0,0,0,,United States,0,0,8.65,,,,0718                          ,2008,INHS LEASING CO LLC                               ,PO BOX 469                       ,                                 ,SPOKANE           ,WA,992100469 ,S,US,https://tar1090.adsbexchange.com/?icao=AB4825&lat=45.409&lon=-122.898&zoom=9.0&showTrace=2020-07-21
2020-07-20 21:20:01,1595305200185,0D0932,XA-VLL,A320,2,134.2,0,400,360,4192,45.576177,-122.547821,0,-704,0,,298.5,7327,VOI938,0,5,1,0,0,0,VOI,Mexico,0,0,6.84,MMGL Don Miguel Hidalgo Y Costilla Guadalajara Mexico,KPDX Portland United States,,,,,,,,,,,,https://tar1090.adsbexchange.com/?icao=0D0932&lat=45.409&lon=-122.898&zoom=9.0&showTrace=2020-07-21
2020-07-20 21:40:01,1595306396319,ABCF10,N860CG,BE55,1,143.4,0,3050,3009,,45.510864,-122.64352,1,-384,0,,188,4724,N860CG,0,5,1,0,0,0,,United States,0,0,1.37,,,,TC-1957                       ,1976,LEADING EDGE AVIATION INC                         ,63048 POWELL BUTTE HWY           ,                                 ,BEND              ,OR,977019739 ,S,US,https://tar1090.adsbexchange.com/?icao=ABCF10&lat=45.409&lon=-122.898&zoom=9.0&showTrace=2020-07-21
2020-07-20 22:00:01,1595307600921,A68B85,N52013,C172,1,115.2,0,4100,4071,,45.402466,-122.717351,1,0,0,,239.2,0161,N52013,0,5,1,0,0,0,,United States,0,0,6.41,,,,17274394                      ,1980,HILLSBORO AERO ACADEMY LLC                        ,3565 NE CORNELL RD               ,                                 ,HILLSBORO         ,OR,971246374 ,S,US,https://tar1090.adsbexchange.com/?icao=A68B85&lat=45.409&lon=-122.898&zoom=9.0&showTrace=2020-07-21
2020-07-20 22:20:01,1595308799185,AB0D76,N811DZ,B739,2,140.2,0,350,340,4192,45.576645,-122.549074,0,-640,0,282.7,299.5,2251,DAL1299,0,5,1,0,0,0,DAL,United States,0,0,6.81,KMSP Minneapolis-St Paul InternationalWold-Chamberlain Minneapolis United States,KMSP Minneapolis-St Paul InternationalWold-Chamberlain Minneapolis United States,,31916                         ,2013,DELTA AIR LINES INC                               ,DEPT 595 AIRCRAFT REGISTRATIONS  ,1775 MH JACKSON SERVICE RD       ,ATLANTA           ,GA,30354     ,7,US,https://tar1090.adsbexchange.com/?icao=AB0D76&lat=45.409&lon=-122.898&zoom=9.0&showTrace=2020-07-21
2020-07-20 23:20:01,1595312396819,0D0932,XA-VLL,A320,2,377.5,0,13125,13115,35008,45.387634,-122.528425,0,1664,0,135.7,152.2,3536,VOI939,0,5,1,0,0,0,VOI,Mexico,0,0,9.37,KPDX Portland United States,MMGL Don Miguel Hidalgo Y Costilla Guadalajara Mexico,,,,,,,,,,,,https://tar1090.adsbexchange.com/?icao=0D0932&lat=45.409&lon=-122.898&zoom=9.0&showTrace=2020-07-21
2020-07-20 23:20:01,1595312396819,A13C43,N179SY,E170,2,109.7,0,1350,1340,1504,45.547082,-122.498314,0,-384,0,,298.9,4722,SKW3448,0,5,1,0,0,0,SKW,United States,0,0,7.84,,,,17000565                      ,2016,SKYWEST AIRLINES INC                              ,444 S RIVER RD                   ,                                 ,SAINT GEORGE      ,UT,847902085 ,S,US,https://tar1090.adsbexchange.com/?icao=A13C43&lat=45.409&lon=-122.898&zoom=9.0&showTrace=2020-07-21
2020-07-20 23:40:01,1595313599073,A6D485,N5392L,P28A,1,116.1,0,1400,1380,,45.648892,-122.627197,0,-576,0,,169.1,0175,N5392L,0,5,1,0,0,0,,United States,0,0,8.86,,,,28-4701                       ,1968,YABLON BRIAN M                                    ,7463 SW SAINT JOHN PL            ,                                 ,PORTLAND          ,OR,972234503 ,S,US,https://tar1090.adsbexchange.com/?icao=A6D485&lat=45.409&lon=-122.898&zoom=9.0&showTrace=2020-07-21
2020-07-21 00:20:01,1595315995077,AAF927,N806LF,AS50,1,142,0,1725,1716,,45.423757,-122.794297,0,13,0,,171,7024,N806LF,0,3,1,1,0,0,,United States,0,0,7,,,,1133                          ,2013,INHS LEASING CO LLC                               ,601 W 1ST AVE                    ,                                 ,SPOKANE           ,WA,992013825 ,S,US,https://tar1090.adsbexchange.com/?icao=AAF927&lat=45.409&lon=-122.898&zoom=9.0&showTrace=2020-07-21
2020-07-21 01:40:01,1595320800487,A85506,N636LF,A119,1,99,0,1500,1500,,45.506954,-122.704557,0,192,0,,261.9,0320,N636LF,0,5,1,0,0,0,,United States,0,0,1.25,,,,14817                         ,2014,BANK OF UTAH TRUSTEE                              ,50 S 200 E STE 110               ,                                 ,SALT LAKE CITY    ,UT,841111617 ,S,US,https://tar1090.adsbexchange.com/?icao=A85506&lat=45.409&lon=-122.898&zoom=9.0&showTrace=2020-07-21
2020-07-22 23:00:01,1595483998157,A63954,N50TV,B06,1,99.2,0,1700,1650,,45.527481,-122.823225,1,64,0,,111.9,0325,N50TV,0,5,1,0,0,0,,United States,0,0,6.37,,,,,,,,,,,,,,https://tar1090.adsbexchange.com/?icao=A63954&lat=45.409&lon=-122.898&zoom=9.0&showTrace=2020-07-23
2020-07-22 23:00:01,1595483999205,A1801C,N196SY,E75L,2,179,0,1850,1790,4000,45.565521,-122.463126,0,-832,0,,263.9,4705,SKW3448,0,5,1,0,0,0,SKW,United States,0,0,9.61,,,,17000706                      ,2018,SKYWEST AIRLINES INC                              ,444 S RIVER RD                   ,                                 ,ST GEORGE         ,UT,847902085 ,S,US,https://tar1090.adsbexchange.com/?icao=A1801C&lat=45.409&lon=-122.898&zoom=9.0&showTrace=2020-07-23
2020-07-22 23:00:01,1595484000111,A8D0B4,N66709,C150,1,72.1,0,1900,1850,,45.453,-122.60635,1,-512,0,,16.9,6646,N66709,0,5,1,0,0,0,,United States,0,0,4.26,,,,15076226                      ,1974,RUSSNOGLE RICHARD R                               ,5360 NW SCENIC DR                ,                                 ,ALBANY            ,OR,973219375 ,S,US,https://tar1090.adsbexchange.com/?icao=A8D0B4&lat=45.409&lon=-122.898&zoom=9.0&showTrace=2020-07-23
2020-07-22 23:00:01,1595483999360,A4F670,N419K,B350,2,172.8,0,8050,8010,8000,45.534073,-122.738473,1,-64,0,353,214.1,7027,N419K,0,5,1,0,0,0,,United States,0,0,3.18,,,,,,,,,,,,,,https://tar1090.adsbexchange.com/?icao=A4F670&lat=45.409&lon=-122.898&zoom=9.0&showTrace=2020-07-23
2020-07-22 23:30:01,1595485797036,A8D0B4,N66709,C150,1,83.7,0,3000,2950,,45.40979,-122.658168,1,0,0,,209.3,4656,N66709,0,5,1,0,0,0,,United States,0,0,5.76,,,,15076226                      ,1974,RUSSNOGLE RICHARD R                               ,5360 NW SCENIC DR                ,                                 ,ALBANY            ,OR,973219375 ,S,US,https://tar1090.adsbexchange.com/?icao=A8D0B4&lat=45.409&lon=-122.898&zoom=9.0&showTrace=2020-07-23
2020-07-22 23:30:01,1595485797494,A63954,N50TV,B06,1,2.3,0,1600,1550,,45.517548,-122.681056,1,128,0,,153.4,0325,N50TV,0,5,1,0,0,0,,United States,0,0,0.79,,,,,,,,,,,,,,https://tar1090.adsbexchange.com/?icao=A63954&lat=45.409&lon=-122.898&zoom=9.0&showTrace=2020-07-23
2020-07-23 00:00:01,1595487599367,A63954,N50TV,B06,1,4.3,0,1300,1271,,45.515287,-122.6789,1,-192,0,,45,0325,N50TV,0,5,1,0,0,0,,United States,0,0,0.63,,,,,,,,,,,,,,https://tar1090.adsbexchange.com/?icao=A63954&lat=45.409&lon=-122.898&zoom=9.0&showTrace=2020-07-23
2020-07-23 00:30:01,1595489397523,A4F670,,,0,150.1,0,425,405,,45.595915,-122.598289,0,1728,0,,302.2,0235,,0,2,1,0,0,0,,United States,0,0,6.33,,,,,,,,,,,,,,https://tar1090.adsbexchange.com/?icao=A4F670&lat=45.409&lon=-122.898&zoom=9.0&showTrace=2020-07-23
2020-07-23 01:00:01,1595491197415,A4F670,N419K,B350,2,183.2,0,11525,11515,11488,45.543686,-122.663923,1,64,0,33.8,280.7,0235,O19,0,5,1,0,0,0,,United States,0,0,2.36,,,,,,,,,,,,,,https://tar1090.adsbexchange.com/?icao=A4F670&lat=45.409&lon=-122.898&zoom=9.0&showTrace=2020-07-23
2020-07-23 01:30:01,1595492997096,AB9723,N846LF,EC35,1,56,0,900,891,,45.496628,-122.675432,1,-256,0,,288.8,0311,N846LF,0,5,1,0,0,0,,United States,0,0,0.51,,,,0315                          ,2003,INHS LEASING CO LLC                               ,PO BOX 469                       ,                                 ,SPOKANE           ,WA,992100469 ,S,US,https://tar1090.adsbexchange.com/?icao=AB9723&lat=45.409&lon=-122.898&zoom=9.0&showTrace=2020-07-23
2020-07-23 02:00:01,1595494797496,AB9723,N846LF,EC35,1,127.3,0,1200,1191,,45.510452,-122.630441,1,0,0,,81.9,0311,N846LF,0,5,1,0,0,0,,United States,0,0,1.9,,,,0315                          ,2003,INHS LEASING CO LLC                               ,PO BOX 469                       ,                                 ,SPOKANE           ,WA,992100469 ,S,US,https://tar1090.adsbexchange.com/?icao=AB9723&lat=45.409&lon=-122.898&zoom=9.0&showTrace=2020-07-23
2020-07-24 14:44:37,1595627075057,AAF41F,N80470,C172,1,14.2,0,-100,89,,45.179505,-122.745689,0,0,0,,219.3,,,0,2,1,0,0,0,,United States,0,0,19.76,,,,17266604                      ,1976,CODDIWOMPLE LLC                                   ,24075 NE WILDWOOD RD             ,                                 ,NEWBERG           ,OR,971327333 ,S,US,https://tar1090.adsbexchange.com/?icao=AAF41F&lat=45.409&lon=-122.898&zoom=9.0&showTrace=2020-07-24
2020-07-24 14:44:37,1595627073067,A0B52E,N1449Q,C150,1,74.3,0,600,780,,45.631528,-122.638046,0,-256,0,,119,1200,N1449Q,0,3,1,0,0,0,,United States,0,0,7.74,,,,15072749                      ,1971,AERO MAINTENANCE INC                              ,101 E RESERVE ST                 ,                                 ,VANCOUVER         ,WA,986613872 ,S,US,https://tar1090.adsbexchange.com/?icao=A0B52E&lat=45.409&lon=-122.898&zoom=9.0&showTrace=2020-07-24
2020-07-24 14:44:37,1595627073527,ABC7A3,N8581Z,B738,2,218.8,0,5400,5600,15008,45.641257,-122.733215,0,2560,0,282.7,304.2,3505,SWA795,0,5,1,0,0,0,SWA,United States,0,0,8.53,KLAS McCarran Las Vegas United States,KPVD Theodore Francis Green State Providence United States,,64348                         ,2018,BANK OF UTAH TRUSTEE                              ,50 S 200 E STE 110               ,                                 ,SALT LAKE CITY    ,UT,841111617 ,S,US,https://tar1090.adsbexchange.com/?icao=ABC7A3&lat=45.409&lon=-122.898&zoom=9.0&showTrace=2020-07-24
2020-07-24 14:44:37,1595627074902,A94DC8,N699SU,SU29,1,178,0,3300,3489,,45.212414,-122.677926,0,-585,0,,130,1200,N699SU,0,5,1,1,0,0,,United States,0,0,17.56,,,,79-04                         ,1995,HAMMERHEAD AEROBATICS                             ,31695 SW COUNTRY VIEW LN         ,                                 ,WILSONVILLE       ,OR,970709445 ,S,US,https://tar1090.adsbexchange.com/?icao=A94DC8&lat=45.409&lon=-122.898&zoom=9.0&showTrace=2020-07-24
2020-07-24 14:44:37,1595627074278,AC6B22,N9GT,C208,1,104.8,0,4975,5164,,45.205994,-122.536748,0,1024,0,,82.9,0305,N9GT,0,2,1,0,0,0,,United States,0,0,18.87,,,,,,,,,,,,,,https://tar1090.adsbexchange.com/?icao=AC6B22&lat=45.409&lon=-122.898&zoom=9.0&showTrace=2020-07-24
2020-07-24 14:44:37,1595627075351,A0F4D6,N16058,C150,1,73.6,0,1000,1189,,45.438755,-122.93661,1,192,0,,306.7,1200,N16058,0,5,1,0,0,0,,United States,0,0,11.7,,,,15073448                      ,1972,TWIN OAKS AIRPARK INC                             ,12405 SW RIVER RD                ,                                 ,HILLSBORO         ,OR,971239314 ,S,US,https://tar1090.adsbexchange.com/?icao=A0F4D6&lat=45.409&lon=-122.898&zoom=9.0&showTrace=2020-07-24
2020-07-24 14:44:37,1595627073223,A8CA5E,N66589,C150,1,81.3,0,1000,1189,,45.433182,-122.953164,1,-64,0,,223.5,,N66589,0,3,1,0,0,0,,United States,0,0,12.47,,,,15076138                      ,1974,TWIN OAKS AIRPARK INC                             ,12405 SW RIVER RD                ,                                 ,HILLSBORO         ,OR,97123     ,S,US,https://tar1090.adsbexchange.com/?icao=A8CA5E&lat=45.409&lon=-122.898&zoom=9.0&showTrace=2020-07-24
2020-07-24 14:44:37,1595627073675,A6EA35,N54477,C172,1,81.6,0,2400,2589,,45.486331,-122.95396,1,320,0,,191.3,4647,N54477,0,5,1,0,0,0,,United States,0,0,11.79,,,,17274983                      ,1981,HILLSBORO AERO ACADEMY LLC                        ,3565 NE CORNELL RD               ,                                 ,HILLSBORO         ,OR,971246374 ,S,US,https://tar1090.adsbexchange.com/?icao=A6EA35&lat=45.409&lon=-122.898&zoom=9.0&showTrace=2020-07-24
2020-07-24 14:44:37,1595627074449,A229B3,N2388L,C172,1,110.8,0,2875,3055,,45.808845,-122.896362,1,-64,0,,186.7,1200,N2388L,0,5,1,0,0,0,,United States,0,0,20.45,,,,17280723                      ,1999,VALLEY FLIERS INC                                 ,1402 AUBURN WAY N PMB 223        ,                                 ,AUBURN            ,WA,980023384 ,S,US,https://tar1090.adsbexchange.com/?icao=A229B3&lat=45.409&lon=-122.898&zoom=9.0&showTrace=2020-07-24
2020-07-24 14:44:37,1595627074450,AB1171,N812GS,PC12,1,112.6,0,3325,3525,3488,45.719925,-122.686336,0,-64,0,317.8,340.3,0140,N812GS,0,5,1,0,0,0,,United States,0,0,12.9,,,,1086                          ,2008,FLIR SYSTEMS AVIATION LLC                         ,27700 SW PARKWAY AVE             ,                                 ,WILSONVILLE       ,OR,970708238 ,S,US,https://tar1090.adsbexchange.com/?icao=AB1171&lat=45.409&lon=-122.898&zoom=9.0&showTrace=2020-07-24
2020-07-24 14:44:37,1595627074449,ACA21D,N913DB,S22T,1,177.1,0,8825,9025,8992,45.238358,-122.492981,0,0,0,,116.9,4746,N913DB,0,5,1,0,0,0,,United States,0,0,17.75,,,,0379                          ,2012,TJ AIR LLC                                        ,501 FOREST AVE APT 407           ,                                 ,PALO ALTO         ,CA,943012613 ,4,US,https://tar1090.adsbexchange.com/?icao=ACA21D&lat=45.409&lon=-122.898&zoom=9.0&showTrace=2020-07-24
2020-07-24 14:44:37,1595627073980,A23AB6,N24266,C152,1,75,0,3550,3739,,45.528305,-123.164978,1,384,0,,0,1200,N24266,0,5,1,0,0,0,,United States,0,0,20.65,,,,15280185                      ,1977,HILLSBORO AERO ACADEMY LLC                        ,3565 NE CORNELL RD               ,                                 ,HILLSBORO         ,OR,971246374 ,S,US,https://tar1090.adsbexchange.com/?icao=A23AB6&lat=45.409&lon=-122.898&zoom=9.0&showTrace=2020-07-24
2020-07-24 14:44:37,1595627073979,A2BAB6,N275SY,E75L,2,437.1,0,25175,25185,16000,45.481816,-123.266066,0,-2240,0,,181,4702,SKW4145,0,5,1,0,0,0,SKW,United States,0,0,24.9,KLGA La Guardia New York United States,KBHM Birmingham-Shuttlesworth Birmingham United States,,17000737                      ,2018,SKYWEST AIRLINES INC                              ,444 S RIVER RD                   ,                                 ,SAINT GEORGE      ,UT,847902085 ,S,US,https://tar1090.adsbexchange.com/?icao=A2BAB6&lat=45.409&lon=-122.898&zoom=9.0&showTrace=2020-07-24
2020-07-24 14:44:37,1595627073830,A050D5,N1196J,AA5,1,87.4,0,2300,2480,,45.245284,-123.105424,1,0,0,,15.9,1200,N1196J,0,5,1,0,0,0,,United States,0,0,23.92,,,,10112                         ,1992,SALEM PILOTS ASSOCIATION                          ,PO BOX 105                       ,                                 ,SALEM             ,OR,973080105 ,S,US,https://tar1090.adsbexchange.com/?icao=A050D5&lat=45.409&lon=-122.898&zoom=9.0&showTrace=2020-07-24
2020-07-24 14:44:37,1595627073830,A61649,N49109,C152,1,92,0,2575,2764,,45.456491,-123.108975,1,384,0,,226.8,1200,N49109,0,5,1,0,0,0,,United States,0,0,18.49,,,,15283422                      ,1979,HILLSBORO AERO ACADEMY LLC                        ,3565 NE CORNELL RD               ,                                 ,HILLSBORO         ,OR,971246374 ,S,US,https://tar1090.adsbexchange.com/?icao=A61649&lat=45.409&lon=-122.898&zoom=9.0&showTrace=2020-07-24
2020-07-24 14:44:37,1595627073678,A692C6,N5220T,P28A,1,67.7,0,1000,1189,,45.207157,-122.777442,0,-768,0,,8.5,,N5220T,0,2,1,0,0,0,,United States,0,0,18.39,,,,28-7225360                    ,1972,HAMMOND MIKE                                      ,7555 SW ONNAF CT                 ,                                 ,PORTLAND          ,OR,972247901 ,S,US,https://tar1090.adsbexchange.com/?icao=A692C6&lat=45.409&lon=-122.898&zoom=9.0&showTrace=2020-07-24
2020-07-24 14:44:37,1595627073527,AD33CA,N95RE,C180,1,44.4,0,0,189,,45.241513,-122.771078,1,-512,0,,7.8,1200,N95RE,0,5,1,0,0,0,,United States,0,0,16.32,,,,,,,,,,,,,,https://tar1090.adsbexchange.com/?icao=AD33CA&lat=45.409&lon=-122.898&zoom=9.0&showTrace=2020-07-24
2020-07-24 14:44:37,1595627073374,A07BFA,N130JA,C172,1,109.9,0,2800,2989,,45.336852,-122.988259,1,0,0,,211.2,0162,N130JA,0,5,1,0,0,0,,United States,0,0,16.61,,,,172S9165                      ,2002,HAGELE AVIATION LLC                               ,5863 NE WELLER CT                ,                                 ,HILLSBORO         ,OR,971247297 ,S,US,https://tar1090.adsbexchange.com/?icao=A07BFA&lat=45.409&lon=-122.898&zoom=9.0&showTrace=2020-07-24
2020-07-24 14:44:37,1595627073372,A1BD09,N2108Y,C172,1,78.6,0,500,689,,45.414413,-122.959704,1,-256,0,,101.7,,N2108Y,0,3,1,0,0,0,,United States,0,0,13.16,,,,17249608                      ,1962,TWIN OAKS AIRPARK INC                             ,12405 SW RIVER RD                ,                                 ,HILLSBORO         ,OR,971239314 ,S,US,https://tar1090.adsbexchange.com/?icao=A1BD09&lat=45.409&lon=-122.898&zoom=9.0&showTrace=2020-07-24
2020-07-24 14:44:37,1595627073371,A6308B,N49824,C152,1,47.2,0,250,439,,45.537585,-122.943644,1,-384,0,,323.6,1200,N49824,0,5,1,0,0,0,,United States,0,0,11.46,,,,15281342                      ,1978,HILLSBORO AERO ACADEMY LLC                        ,3565 NE CORNELL RD               ,                                 ,HILLSBORO         ,OR,971246374 ,S,US,https://tar1090.adsbexchange.com/?icao=A6308B&lat=45.409&lon=-122.898&zoom=9.0&showTrace=2020-07-24
2020-07-24 14:44:37,1595627073222,A572E5,N450JA,PA44,1,84.4,0,2875,3075,9696,45.362223,-123.161562,0,256,0,,166.3,1200,N450JA,0,5,1,0,0,0,,United States,0,0,22.21,,,,4496150                       ,2002,HILLSBORO AERO ACADEMY LLC                        ,3565 NE CORNELL RD               ,                                 ,HILLSBORO         ,OR,971246374 ,S,US,https://tar1090.adsbexchange.com/?icao=A572E5&lat=45.409&lon=-122.898&zoom=9.0&showTrace=2020-07-24
2020-07-24 14:44:37,1595627073219,A58A67,N456WN,B737,2,236.2,0,2850,3050,2496,45.458353,-122.360363,0,-512,0,0,18.5,6354,SWA1337,0,5,1,0,0,0,SWA,United States,0,0,13.53,KMCO Orlando United States,KPHX Phoenix Sky Harbor United States,,32463                         ,2004,SOUTHWEST AIRLINES CO                             ,2702 LOVE FIELD DR # HDQ-4GC     ,                                 ,DALLAS            ,TX,752351908 ,2,US,https://tar1090.adsbexchange.com/?icao=A58A67&lat=45.409&lon=-122.898&zoom=9.0&showTrace=2020-07-24
2020-07-24 14:44:37,1595627073069,A65E4E,N5094L,C152,1,83.1,0,1800,1980,,45.303707,-122.286876,1,704,0,,177.9,1200,N5094L,0,5,1,0,0,0,,United States,0,0,20.33,,,,15284260                      ,1980,GORGE WINDS AVIATION INC                          ,PO BOX 224                       ,                                 ,FAIRVIEW          ,OR,970240224 ,S,US,https://tar1090.adsbexchange.com/?icao=A65E4E&lat=45.409&lon=-122.898&zoom=9.0&showTrace=2020-07-24
2020-07-24 14:44:37,1595627075351,A1AFD5,N208BA,C208,1,174.5,0,4725,4905,,45.699783,-122.437737,0,-448,0,,145,4754,BOE8BA,0,5,1,0,0,0,BOE,United States,0,0,15.35,,,,208B2027                      ,2008,BOEING CO                                         ,1901 OAKESDALE AVE SW            ,                                 ,RENTON            ,WA,980572623 ,S,US,https://tar1090.adsbexchange.com/?icao=A1AFD5&lat=45.409&lon=-122.898&zoom=9.0&showTrace=2020-07-24
2020-07-24 14:44:37,1595627075061,AA7A61,N7741C,B737,2,247.6,0,5025,5225,2496,45.328985,-122.392787,1,-512,0,0,19.1,3362,SWA986,0,5,1,0,0,0,SWA,United States,0,0,15.9,KFLL Fort Lauderdale Hollywood United States,KMSP Minneapolis-St Paul InternationalWold-Chamberlain Minneapolis United States,,35788                         ,2007,SOUTHWEST AIRLINES CO                             ,2702 LOVE FIELD DRIVE #HDQ 4GC   ,                                 ,DALLAS            ,TX,752351908 ,2,US,https://tar1090.adsbexchange.com/?icao=AA7A61&lat=45.409&lon=-122.898&zoom=9.0&showTrace=2020-07-24
2020-07-24 14:44:37,1595627074900,A423DC,N366PA,G2CA,1,79.6,0,950,1130,,45.230434,-122.99603,1,640,0,,14.6,1200,N366PA,0,5,1,0,0,0,,United States,0,0,21.32,,,,1264                          ,2020,AIRCRAFT GUARANTY CORP TRUSTEE                    ,928 SW 107TH ST                  ,                                 ,OKLAHOMA CITY     ,OK,731705244 ,2,US,https://tar1090.adsbexchange.com/?icao=A423DC&lat=45.409&lon=-122.898&zoom=9.0&showTrace=2020-07-24
2020-07-24 14:44:37,1595627074898,A66C1C,N5126W,P28A,1,90.7,0,1500,1689,,45.509933,-122.605345,1,128,0,,14,0253,N5126W,0,5,1,0,0,0,,United States,0,0,2.94,,,,28-152                        ,    ,HARRIS ELIZABETH M                                ,5208 DUBOIS DR                   ,                                 ,VANCOUVER         ,WA,986616617 ,S,US,https://tar1090.adsbexchange.com/?icao=A66C1C&lat=45.409&lon=-122.898&zoom=9.0&showTrace=2020-07-24
2020-07-24 14:44:37,1595627074754,A61AF2,N49276,C152,1,78.9,0,2875,3064,,45.637482,-123.147829,1,0,0,,320.7,1200,N49276,0,5,1,0,0,0,,United States,0,0,21.39,,,,15281217                      ,1977,HILLSBORO AERO ACADEMY LLC                        ,3565 NE CORNELL RD               ,                                 ,HILLSBORO         ,OR,971246374 ,S,US,https://tar1090.adsbexchange.com/?icao=A61AF2&lat=45.409&lon=-122.898&zoom=9.0&showTrace=2020-07-24
2020-07-24 14:44:37,1595627074597,A7B6E4,N5966J,C182,1,104.4,0,5050,5250,8992,45.647461,-122.567697,0,640,0,149.8,161.6,4604,N5966J,0,5,1,0,0,0,,United States,0,0,9.66,,,,18263590                      ,1975,WYDRONEK JOSEPH A                                 ,5339 W DIAMOND K ST              ,                                 ,TUCSON            ,AZ,857134462 ,4,US,https://tar1090.adsbexchange.com/?icao=A7B6E4&lat=45.409&lon=-122.898&zoom=9.0&showTrace=2020-07-24
2020-07-24 14:44:37,1595627074595,A87DE9,N6460M,C152,1,100.2,0,3350,3539,,45.484863,-123.224291,1,-64,0,,151.4,1200,N6460M,0,5,1,0,0,0,,United States,0,0,23.13,,,,15284742                      ,1980,HILLSBORO AERO ACADEMY LLC                        ,3565 NE CORNELL RD               ,                                 ,HILLSBORO         ,OR,971246374 ,S,US,https://tar1090.adsbexchange.com/?icao=A87DE9&lat=45.409&lon=-122.898&zoom=9.0&showTrace=2020-07-24
2020-07-23 23:00:01,1595570396748,ACC85E,N9223E,C172,1,107.6,0,2375,2455,3488,45.468036,-122.660344,0,-128,0,,163.2,0133,N9223E,0,5,1,0,0,0,,United States,0,0,2.31,,,,172S11500                     ,2014,DHS OPERATIONS LLC                                ,251 LITTLE FALLS DR              ,                                 ,WILMINGTON        ,DE,198081674 ,1,US,https://tar1090.adsbexchange.com/?icao=ACC85E&lat=45.409&lon=-122.898&zoom=9.0&showTrace=2020-07-24
2020-07-23 23:00:01,1595570397199,A5622D,N446PA,PA44,1,116.6,0,975,1055,1984,45.601548,-122.588058,0,832,0,,121,4772,N446PA,0,5,1,0,0,0,,United States,0,0,6.84,,,,4496086                       ,2001,HILLSBORO AERO ACADEMY LLC                        ,3565 NE CORNELL RD               ,                                 ,HILLSBORO         ,OR,971246374 ,S,US,https://tar1090.adsbexchange.com/?icao=A5622D&lat=45.409&lon=-122.898&zoom=9.0&showTrace=2020-07-24
2020-07-23 23:00:01,1595570396292,A4BD24,N404SY,E75L,2,156.7,0,2100,2180,2016,45.526016,-122.443281,0,-576,0,,299,4613,SKW3448,0,5,1,0,0,0,SKW,United States,0,0,9.82,,,,17000739                      ,2018,SKYWEST AIRLINES INC                              ,444 S RIVER RD                   ,                                 ,ST GEORGE         ,UT,847902085 ,S,US,https://tar1090.adsbexchange.com/?icao=A4BD24&lat=45.409&lon=-122.898&zoom=9.0&showTrace=2020-07-24
2020-07-23 23:00:01,1595570396894,A68B85,N52013,C172,1,83.2,0,1775,1855,,45.470969,-122.87652,1,-960,0,,327.3,1200,N52013,0,5,1,0,0,0,,United States,0,0,8.72,,,,17274394                      ,1980,HILLSBORO AERO ACADEMY LLC                        ,3565 NE CORNELL RD               ,                                 ,HILLSBORO         ,OR,971246374 ,S,US,https://tar1090.adsbexchange.com/?icao=A68B85&lat=45.409&lon=-122.898&zoom=9.0&showTrace=2020-07-24
2020-07-23 23:30:01,1595572199908,A37ECA,N324SP,C172,1,84.3,0,2150,2230,,45.477264,-122.883977,1,-768,0,,326.1,1200,N324SP,0,5,1,0,0,0,,United States,0,0,8.95,,,,172S8249                      ,1999,HAGELE AVIATION LLC                               ,5863 NE WELLER CT                ,                                 ,HILLSBORO         ,OR,971247297 ,S,US,https://tar1090.adsbexchange.com/?icao=A37ECA&lat=45.409&lon=-122.898&zoom=9.0&showTrace=2020-07-24
2020-07-24 00:00:01,1595573995745,A8B539,N660LF,PC12,1,92.8,0,850,960,3008,45.564399,-122.517609,0,-256,0,284.1,300.4,4674,N660LF,0,5,1,0,0,0,,United States,0,0,7.51,,,,1347                          ,2012,LIFE FLIGHT NETWORK LLC                           ,22285 YELLOW GATE LN NE STE 102  ,                                 ,AURORA            ,OR,970028400 ,S,US,https://tar1090.adsbexchange.com/?icao=A8B539&lat=45.409&lon=-122.898&zoom=9.0&showTrace=2020-07-24
2020-07-24 21:00:01,1595649596060,A9E6B4,N737SZ,C172,1,58.6,0,125,276,,45.594007,-122.618546,0,320,0,,297.4,0153,,0,2,1,0,0,0,,United States,0,0,5.84,,,,17269651                      ,    ,PERES JOHN P                                      ,PO BOX 66014                     ,                                 ,PORTLAND          ,OR,972906014 ,S,US,https://tar1090.adsbexchange.com/?icao=A9E6B4&lat=45.409&lon=-122.898&zoom=9.0&showTrace=2020-07-25
2020-07-24 21:00:01,1595649597268,AC2CB4,N884AC,P28A,1,96.7,0,900,1060,,45.231949,-122.793012,1,-640,0,,190.7,1200,N884AC,0,5,1,0,0,0,,United States,0,0,17.13,,,,28-7916427                    ,1979,NW WEEKEND WARRIOR LLC                            ,13937 SE EASTRIDGE ST            ,                                 ,PORTLAND          ,OR,972366631 ,S,US,https://tar1090.adsbexchange.com/?icao=AC2CB4&lat=45.409&lon=-122.898&zoom=9.0&showTrace=2020-07-25
2020-07-24 21:00:01,1595649595761,A62201,N4945F,R44,1,80.8,0,900,1051,,45.558701,-122.724721,1,320,0,,306.4,1200,N4945F,0,5,1,0,0,0,,United States,0,0,3.84,,,,10015                         ,2002,EMERALD CITY AIRCRAFT LEASING INC                 ,PO BOX 1674                      ,                                 ,PORT ORCHARD      ,WA,983660175 ,S,US,https://tar1090.adsbexchange.com/?icao=A62201&lat=45.409&lon=-122.898&zoom=9.0&showTrace=2020-07-25
2020-07-24 21:00:01,1595649595762,A889A9,N64942,C152,1,102.1,0,5400,5560,,45.222107,-122.965262,1,-64,0,,177.8,4622,N64942,0,5,1,0,0,0,,United States,0,0,20.93,,,,15281489                      ,1978,HILLSBORO AERO ACADEMY LLC                        ,3565 NE CORNELL RD               ,                                 ,HILLSBORO         ,OR,971246374 ,S,US,https://tar1090.adsbexchange.com/?icao=A889A9&lat=45.409&lon=-122.898&zoom=9.0&showTrace=2020-07-25
2020-07-24 21:00:01,1595649597115,A8522B,N635VA,A320,2,405.7,0,36000,35990,24000,45.510956,-122.572436,0,0,0,,356.7,1732,ASA432,0,5,1,0,0,0,ASA,United States,0,0,4.33,KSEA Seattle Tacoma United States,KLAX Los Angeles United States,,3398                          ,2008,WELLS FARGO TRUST CO NA TRUSTEE                   ,299 S MAIN STREET 5TH FL         ,MAC 1228-051                     ,SALT LAKE CITY    ,UT,84111     ,S,US,https://tar1090.adsbexchange.com/?icao=A8522B&lat=45.409&lon=-122.898&zoom=9.0&showTrace=2020-07-25
2020-07-24 21:00:01,1595649597115,A12177,N172JV,C172,1,52.6,0,25,185,,45.24142,-122.771011,1,0,0,,8.7,1200,N172JV,0,5,1,0,0,0,,United States,0,0,16.33,,,,172S9420                      ,2003,NAVIATION LLC                                     ,4310 PRAIRIE CT                  ,                                 ,WINDSOR           ,CO,805502570 ,S,US,https://tar1090.adsbexchange.com/?icao=A12177&lat=45.409&lon=-122.898&zoom=9.0&showTrace=2020-07-25
2020-07-24 21:00:01,1595649596061,AA375E,N7577G,C172,1,58,0,100,260,,45.533386,-122.942439,1,-448,0,,324.1,1200,N7577G,0,5,1,0,0,0,,United States,0,0,11.37,,,,17259277                      ,1970,ELKHORN AVIATION INC                              ,43769 HEILNER RD                 ,                                 ,BAKER CITY        ,OR,978149756 ,S,US,https://tar1090.adsbexchange.com/?icao=AA375E&lat=45.409&lon=-122.898&zoom=9.0&showTrace=2020-07-25
2020-07-24 21:00:01,1595649595912,A6C616,N5355Q,C152,1,79.2,0,2600,2739,,45.365204,-122.260437,1,-128,0,,313,1200,N5355Q,0,5,1,0,0,0,,United States,0,0,19.37,,,,15285104                      ,1981,GORGE WINDS AVIATION INC                          ,PO BOX 224                       ,                                 ,FAIRVIEW          ,OR,970240224 ,S,US,https://tar1090.adsbexchange.com/?icao=A6C616&lat=45.409&lon=-122.898&zoom=9.0&showTrace=2020-07-25
2020-07-24 21:30:01,1595651379600,A121BE,N172MR,C172,1,,0,-100,51,,45.55014,-122.399887,0,,0,,,,N172MR,0,5,1,0,0,0,,United States,0,0,11.88,,,,17267684                      ,1976,ZOOM ZOOM LTD                                     ,14941 SE CROSSCREEK CT           ,                                 ,DAMASCUS          ,OR,970898295 ,S,US,https://tar1090.adsbexchange.com/?icao=A121BE&lat=45.409&lon=-122.898&zoom=9.0&showTrace=2020-07-25
2020-07-24 21:30:01,1595651400127,ACB772,N9185H,C172,1,80.6,0,1500,1651,,45.644669,-122.460848,1,-128,0,,322.6,1200,N9185H,0,5,1,0,0,0,,United States,0,0,12.29,,,,17265999                      ,1975,FLYIT LLC                                         ,1517 NE 314TH AVE                ,                                 ,WASHOUGAL         ,WA,986719268 ,S,US,https://tar1090.adsbexchange.com/?icao=ACB772&lat=45.409&lon=-122.898&zoom=9.0&showTrace=2020-07-25
2020-07-24 21:30:01,1595651399822,A6308B,N49824,C152,1,8.2,0,,,,45.535812,-122.945235,0,,0,,45,1200,N49824,1,5,1,0,0,0,,United States,0,0,11.51,,,,15281342                      ,1978,HILLSBORO AERO ACADEMY LLC                        ,3565 NE CORNELL RD               ,                                 ,HILLSBORO         ,OR,971246374 ,S,US,https://tar1090.adsbexchange.com/?icao=A6308B&lat=45.409&lon=-122.898&zoom=9.0&showTrace=2020-07-25
2020-07-24 21:30:01,1595651399673,ABEF93,N86847,CH7B,1,577,0,1900,2060,,45.32525,-122.660312,1,64,0,,100,1200,N86847,0,5,1,1,0,0,,United States,0,0,10.81,,,,432-74                        ,1974,KILBOURN JAMES A                                  ,12610 SE 155TH AVE               ,                                 ,HAPPY VALLEY      ,OR,970864227 ,S,US,https://tar1090.adsbexchange.com/?icao=ABEF93&lat=45.409&lon=-122.898&zoom=9.0&showTrace=2020-07-25
2020-07-24 21:30:01,1595651399975,A0474D,N117MF,BE9L,1,201.4,0,8700,8860,,45.102997,-122.796347,1,-1024,0,,348,4654,N117MF,0,5,1,0,0,0,,United States,0,0,24.66,,,,LJ-779                        ,1978,MERCY FLIGHTS INC                                 ,2020 MILLIGAN WAY                ,                                 ,MEDFORD           ,OR,975045894 ,S,US,https://tar1090.adsbexchange.com/?icao=A0474D&lat=45.409&lon=-122.898&zoom=9.0&showTrace=2020-07-25
2020-07-24 21:30:01,1595651399673,A43B85,N372DA,B738,2,216.1,0,3850,4000,2496,45.532232,-122.310858,0,-1920,0,258.8,271.9,6076,DAL2582,0,5,1,0,0,0,DAL,United States,0,0,15.39,KELP El Paso United States,KATL Hartsfield Jackson Atlanta United States,,29620                         ,1998,DELTA AIR LINES INC                               ,1775 MH JACKSON SERVICE ROAD     ,DEPT 595 AIRCRAFT REGISTRATIONS  ,ATLANTA           ,GA,30354     ,7,US,https://tar1090.adsbexchange.com/?icao=A43B85&lat=45.409&lon=-122.898&zoom=9.0&showTrace=2020-07-25
2020-07-24 21:30:01,1595651400275,A2FCF2,N292AK,B739,2,399.3,0,36000,36010,24000,45.402165,-122.44524,0,0,0,326.2,343.6,2027,ASA541,0,5,1,0,0,0,ASA,United States,0,0,11.47,KSJC Norman Y Mineta San Jose United States,KSEA Seattle Tacoma United States,,64301                         ,2018,ALASKA AIRLINES INC                               ,C/O LEGAL DEPT - SEALZ           ,19300 INTERNATIONAL BLVD         ,SEATAC            ,WA,981885304 ,S,US,https://tar1090.adsbexchange.com/?icao=A2FCF2&lat=45.409&lon=-122.898&zoom=9.0&showTrace=2020-07-25
2020-07-24 22:00:01,1595653195727,A1C964,N214LM,PA44,1,150.7,0,3425,3576,,45.77421,-122.955826,1,128,0,,185.7,4624,N214LM,0,5,1,0,0,0,,United States,0,0,19.99,,,,44-7995053                    ,1978,HILLSBORO AERO ACADEMY LLC                        ,3565 NE CORNELL RD               ,                                 ,HILLSBORO         ,OR,971246374 ,S,US,https://tar1090.adsbexchange.com/?icao=A1C964&lat=45.409&lon=-122.898&zoom=9.0&showTrace=2020-07-25
2020-07-24 22:00:01,1595653197077,ABEF93,N86847,CH7B,1,62,0,800,951,,45.557789,-122.422096,1,192,0,,10.2,1200,N86847,0,5,1,0,0,0,,United States,0,0,11.09,,,,432-74                        ,1974,KILBOURN JAMES A                                  ,12610 SE 155TH AVE               ,                                 ,HAPPY VALLEY      ,OR,970864227 ,S,US,https://tar1090.adsbexchange.com/?icao=ABEF93&lat=45.409&lon=-122.898&zoom=9.0&showTrace=2020-07-25
2020-07-24 22:00:01,1595653197377,A4F670,N419K,B350,2,211.2,0,12750,12930,16000,45.914798,-122.638115,1,1472,0,30.2,51,6615,BRONCO19,0,5,1,0,0,0,,United States,0,0,24.63,,,,,,,,,,,,,,https://tar1090.adsbexchange.com/?icao=A4F670&lat=45.409&lon=-122.898&zoom=9.0&showTrace=2020-07-25
2020-07-24 22:00:01,1595653196176,A5E96F,N480JP,DA40,1,119.1,0,1375,1535,,45.596329,-122.58766,1,-192,0,,15.1,0150,N480JP,0,5,1,0,0,0,,United States,0,0,6.59,,,,40.280                        ,2003,WELLS VANCE                                       ,20117 NE 279TH ST                ,                                 ,BATTLE GROUND     ,WA,986047582 ,S,US,https://tar1090.adsbexchange.com/?icao=A5E96F&lat=45.409&lon=-122.898&zoom=9.0&showTrace=2020-07-25
2020-07-24 22:00:01,1595653190003,A6308B,N49824,C152,1,45,0,50,210,,45.537827,-122.947213,1,0,0,,323.1,1200,N49824,0,5,1,0,0,0,,United States,0,0,11.61,,,,15281342                      ,1978,HILLSBORO AERO ACADEMY LLC                        ,3565 NE CORNELL RD               ,                                 ,HILLSBORO         ,OR,971246374 ,S,US,https://tar1090.adsbexchange.com/?icao=A6308B&lat=45.409&lon=-122.898&zoom=9.0&showTrace=2020-07-25
2020-07-24 22:00:01,1595653195426,A55EA4,N445QX,DH8D,2,356.4,0,21000,21151,,45.752518,-122.590875,0,-64,0,,187.9,4663,QXE2286,0,5,1,0,0,0,QXE,United States,0,0,15.26,KPDX Portland United States,KSEA Seattle Tacoma United States,,4358                          ,2011,HORIZON AIR INDUSTRIES INC                        ,C/O LEGAL DEPT-SEAZL             ,19300 INTERNATIONAL BLVD         ,SEATAC            ,WA,981885304 ,S,US,https://tar1090.adsbexchange.com/?icao=A55EA4&lat=45.409&lon=-122.898&zoom=9.0&showTrace=2020-07-25
2020-07-24 22:30:01,1595654998172,A5622D,N446PA,PA44,1,123.2,0,6150,6330,8512,45.574268,-122.675812,0,576,0,,86.7,4776,N446PA,0,5,1,0,0,0,,United States,0,0,4.15,,,,4496086                       ,2001,HILLSBORO AERO ACADEMY LLC                        ,3565 NE CORNELL RD               ,                                 ,HILLSBORO         ,OR,971246374 ,S,US,https://tar1090.adsbexchange.com/?icao=A5622D&lat=45.409&lon=-122.898&zoom=9.0&showTrace=2020-07-25
2020-07-24 22:30:01,1595654998478,A43632,N3700Q,P28R,1,122.2,0,2300,2460,,45.507339,-122.678833,1,-256,0,,93.3,0176,N3700Q,0,5,1,0,0,0,,United States,0,0,0.21,,,,28R-7737047                   ,    ,GORGE WINDS AVIATION INC                          ,PO BOX 224                       ,                                 ,FAIRVIEW          ,OR,970240224 ,S,US,https://tar1090.adsbexchange.com/?icao=A43632&lat=45.409&lon=-122.898&zoom=9.0&showTrace=2020-07-25
2020-07-24 22:30:01,1595654999836,ACB772,N9185H,C172,1,87,0,3125,3285,,45.632492,-122.937146,1,256,0,,46.4,1200,N9185H,0,5,1,0,0,0,,United States,0,0,13.4,,,,17265999                      ,1975,FLYIT LLC                                         ,1517 NE 314TH AVE                ,                                 ,WASHOUGAL         ,WA,986719268 ,S,US,https://tar1090.adsbexchange.com/?icao=ACB772&lat=45.409&lon=-122.898&zoom=9.0&showTrace=2020-07-25
2020-07-24 22:30:01,1595654999534,A6308B,N49824,C152,1,83.4,0,750,910,,45.51004,-122.936685,1,-320,0,,84.5,1200,N49824,0,5,1,0,0,0,,United States,0,0,11.01,,,,15281342                      ,1978,HILLSBORO AERO ACADEMY LLC                        ,3565 NE CORNELL RD               ,                                 ,HILLSBORO         ,OR,971246374 ,S,US,https://tar1090.adsbexchange.com/?icao=A6308B&lat=45.409&lon=-122.898&zoom=9.0&showTrace=2020-07-25
2020-07-24 23:00:01,1595656798397,A04EBB,N119MF,B407,1,109,0,1325,1525,,45.541309,-122.697925,0,128,0,,270,1200,N119MF,0,5,1,0,0,0,,United States,0,0,2.38,,,,54550                         ,2014,MERCY FLIGHTS INC                                 ,2020 MILLIGAN WAY                ,                                 ,MEDFORD           ,OR,975045894 ,S,US,https://tar1090.adsbexchange.com/?icao=A04EBB&lat=45.409&lon=-122.898&zoom=9.0&showTrace=2020-07-25
2020-07-24 23:00:01,1595656798695,A81316,N6194E,C172,1,127.2,0,1700,1880,3008,45.666595,-122.463126,0,64,0,21.1,126.7,1200,N6194E,0,5,1,0,0,0,,United States,0,0,13.15,,,,17271998                      ,1978,REEBURGH SCOTT L                                  ,17505 NE 31ST ST                 ,                                 ,VANCOUVER         ,WA,986823668 ,S,US,https://tar1090.adsbexchange.com/?icao=A81316&lat=45.409&lon=-122.898&zoom=9.0&showTrace=2020-07-25
2020-07-24 23:00:01,1595656798097,A1460A,N181SY,E170,2,291,0,6775,6975,6016,45.797241,-122.390308,0,-1536,0,,180.8,4631,SKW3448,0,5,1,0,0,0,SKW,United States,0,0,21.21,,,,17000574                      ,2016,SKYWEST AIRLINES INC                              ,444 S RIVER RD                   ,                                 ,ST GEORGE         ,UT,847902085 ,S,US,https://tar1090.adsbexchange.com/?icao=A1460A&lat=45.409&lon=-122.898&zoom=9.0&showTrace=2020-07-25
2020-07-24 23:00:01,1595656799615,A889A9,N64942,C152,1,48.6,0,50,219,,45.533569,-122.942766,1,-256,0,,323.4,1200,N64942,0,5,1,0,0,0,,United States,0,0,11.39,,,,15281489                      ,1978,HILLSBORO AERO ACADEMY LLC                        ,3565 NE CORNELL RD               ,                                 ,HILLSBORO         ,OR,971246374 ,S,US,https://tar1090.adsbexchange.com/?icao=A889A9&lat=45.409&lon=-122.898&zoom=9.0&showTrace=2020-07-25
2020-07-24 23:30:01,1595658598223,AB6FA4,N836LF,EC35,1,103.9,0,1300,1469,,45.752243,-122.662487,1,0,0,,336.1,0313,N836LF,0,5,1,0,0,0,,United States,0,0,14.84,,,,0716                          ,2008,INHS LEASING CO LLC                               ,PO BOX 469                       ,                                 ,SPOKANE           ,WA,992100469 ,S,US,https://tar1090.adsbexchange.com/?icao=AB6FA4&lat=45.409&lon=-122.898&zoom=9.0&showTrace=2020-07-25
2020-07-25 00:00:02,1595660399386,A04EBB,N119MF,B407,1,127,0,2600,2800,3488,45.433401,-122.965415,0,576,0,,179.1,1200,N119MF,0,5,1,0,0,0,,United States,0,0,12.95,,,,54550                         ,2014,MERCY FLIGHTS INC                                 ,2020 MILLIGAN WAY                ,                                 ,MEDFORD           ,OR,975045894 ,S,US,https://tar1090.adsbexchange.com/?icao=A04EBB&lat=45.409&lon=-122.898&zoom=9.0&showTrace=2020-07-25
2020-07-25 00:00:02,1595660400291,A0474D,N117MF,BE9L,1,156,0,8300,8480,,45.330893,-123.015122,1,1024,0,,178.9,4656,N117MF,0,5,1,0,0,0,,United States,0,0,17.73,,,,LJ-779                        ,1978,MERCY FLIGHTS INC                                 ,2020 MILLIGAN WAY                ,                                 ,MEDFORD           ,OR,975045894 ,S,US,https://tar1090.adsbexchange.com/?icao=A0474D&lat=45.409&lon=-122.898&zoom=9.0&showTrace=2020-07-25
2020-07-25 01:30:01,1595665799092,AB6FA4,N836LF,EC35,1,145.9,0,1325,1494,,45.792938,-122.803099,1,0,0,,163.7,0313,N836LF,0,5,1,0,0,0,,United States,0,0,18.09,,,,0716                          ,2008,INHS LEASING CO LLC                               ,PO BOX 469                       ,                                 ,SPOKANE           ,WA,992100469 ,S,US,https://tar1090.adsbexchange.com/?icao=AB6FA4&lat=45.409&lon=-122.898&zoom=9.0&showTrace=2020-07-25
2020-07-25 02:30:01,1595669396917,AB4825,N826LF,EC35,1,137.2,0,1850,2051,,45.164795,-122.852605,1,0,0,,223.2,0316,N826LF,0,5,1,0,0,0,,United States,0,0,21.75,,,,0718                          ,2008,INHS LEASING CO LLC                               ,PO BOX 469                       ,                                 ,SPOKANE           ,WA,992100469 ,S,US,https://tar1090.adsbexchange.com/?icao=AB4825&lat=45.409&lon=-122.898&zoom=9.0&showTrace=2020-07-25
2020-07-25 21:00:01,1595735999965,A401C1,N3574Q,P28T,1,100.6,0,4750,4830,,45.216328,-122.531321,0,576,0,241.2,107.4,3530,N3574Q,0,5,1,0,0,0,,United States,0,0,18.35,,,,28R-8031040                   ,    ,REGISTRATION PENDING                              ,PO BOX 907                       ,                                 ,NEWBERG           ,OR,971320907 ,S,US,https://tar1090.adsbexchange.com/?icao=A401C1&lat=45.409&lon=-122.898&zoom=9.0&showTrace=2020-07-26
2020-07-25 21:00:01,1595735999213,AAFB95,N80678,C172,1,85.8,0,850,930,,45.630066,-122.666105,1,-64,0,,98,1200,N80678,0,5,1,0,0,0,,United States,0,0,7.51,,,,17266699                      ,1976,AERO MAINTENANCE INC                              ,101 E RESERVE ST                 ,                                 ,VANCOUVER         ,WA,986613806 ,S,US,https://tar1090.adsbexchange.com/?icao=AAFB95&lat=45.409&lon=-122.898&zoom=9.0&showTrace=2020-07-26
2020-07-25 21:00:01,1595735998612,A62201,N4945F,R44,1,120.3,0,1000,1080,,45.511469,-122.686001,1,-256,0,,154.9,1200,N4945F,0,5,1,0,0,0,,United States,0,0,0.6,,,,10015                         ,2002,EMERALD CITY AIRCRAFT LEASING INC                 ,PO BOX 1674                      ,                                 ,PORT ORCHARD      ,WA,983660175 ,S,US,https://tar1090.adsbexchange.com/?icao=A62201&lat=45.409&lon=-122.898&zoom=9.0&showTrace=2020-07-26
2020-07-25 21:00:01,1595735999814,A2DCA1,N2838S,C150,1,72.3,0,2175,2264,,45.425953,-123.035956,1,-128,0,,14.4,1200,N2838S,0,5,1,0,0,0,,United States,0,0,15.91,,,,15066738                      ,1967,LEWALLEN ROY W                                    ,5470 SW 152ND AVE                ,                                 ,BEAVERTON         ,OR,970073657 ,S,US,https://tar1090.adsbexchange.com/?icao=A2DCA1&lat=45.409&lon=-122.898&zoom=9.0&showTrace=2020-07-26
2020-07-25 21:00:01,1595735999965,A880B0,N647QX,E75L,2,169.4,0,1775,1855,9024,45.542221,-122.469177,0,-576,0,,262.5,4617,QXE2708,0,5,1,0,0,0,QXE,United States,0,0,8.93,KSEA Seattle Tacoma United States,KBOI Boise Air TerminalGowen field United States,,17000773                      ,2018,HORIZON AIR INDUSTRIES INC                        ,C/O LEGAL SEAZL                  ,19300 INTERNATIONAL BLVD         ,SEATAC            ,WA,981885304 ,S,US,https://tar1090.adsbexchange.com/?icao=A880B0&lat=45.409&lon=-122.898&zoom=9.0&showTrace=2020-07-26
2020-07-25 21:00:01,1595735998014,A4B583,N402QX,DH8D,2,357,0,21000,21089,,45.193863,-122.830941,0,0,0,,180.6,4720,QXE2038,0,5,1,0,0,0,QXE,United States,0,0,19.8,,,,4032                          ,2001,BCC EQUIPMENT LEASING CORP                        ,PO BOX 3707 MC: 20-63            ,ATTN: CONTRACTS ADMINISTRATOR    ,SEATTLE           ,WA,981242207 ,S,US,https://tar1090.adsbexchange.com/?icao=A4B583&lat=45.409&lon=-122.898&zoom=9.0&showTrace=2020-07-26
2020-07-25 21:00:01,1595735998460,A84F41,N6342L,C152,1,73.4,0,2375,2455,,45.367949,-123.065364,1,128,0,,62.4,1200,N6342L,0,5,1,0,0,0,,United States,0,0,18.38,,,,15284387                      ,1980,HILLSBORO AERO ACADEMY LLC                        ,3565 NE CORNELL RD               ,                                 ,HILLSBORO         ,OR,971246374 ,S,US,https://tar1090.adsbexchange.com/?icao=A84F41&lat=45.409&lon=-122.898&zoom=9.0&showTrace=2020-07-26
2020-07-25 21:00:01,1595735999365,ABB579,N8534Z,B738,2,217.7,0,4550,4630,2496,45.426279,-122.440617,0,-960,0,9.8,40.7,3225,SWA1284,0,5,1,0,0,0,SWA,United States,0,0,10.94,KPHL Philadelphia United States,KPBI Palm Beach West Palm Beach United States,,63578                         ,2017,SOUTHWEST AIRLINES CO                             ,2702 LOVE FIELD DR HDQ-4GC       ,                                 ,DALLAS            ,TX,75235     ,2,US,https://tar1090.adsbexchange.com/?icao=ABB579&lat=45.409&lon=-122.898&zoom=9.0&showTrace=2020-07-26
2020-07-25 21:00:01,1595735999666,A4E108,N413UA,A320,2,432.6,0,38000,37990,24000,45.607367,-122.580574,0,0,0,329.8,357.1,3356,UAL503,0,5,1,0,0,0,UAL,United States,0,0,7.31,KSFO San Francisco United States,KSFO San Francisco United States,,470                           ,1994,UNITED AIRLINES INC                               ,233 S WACKER DR                  ,                                 ,CHICAGO           ,IL,606067147 ,C,US,https://tar1090.adsbexchange.com/?icao=A4E108&lat=45.409&lon=-122.898&zoom=9.0&showTrace=2020-07-26
2020-07-25 21:00:01,1595735998461,ABBBC7,N855VA,A320,2,429.3,0,35375,35365,24000,45.841804,-122.6147,0,-3520,0,184.2,350.2,3305,ASA432,0,5,1,0,0,0,ASA,United States,0,0,20.36,KSEA Seattle Tacoma United States,KLAX Los Angeles United States,,5179                          ,2012,WELLS FARGO TRUST CO NA TRUSTEE                   ,MAC U1228-51                     ,299 S MAIN ST FL 5               ,SALT LAKE CITY    ,UT,841112689 ,S,US,https://tar1090.adsbexchange.com/?icao=ABBBC7&lat=45.409&lon=-122.898&zoom=9.0&showTrace=2020-07-26
2020-07-25 21:00:01,1595735999213,A9ED9D,N739MR,C172,1,73.2,0,2425,2505,,45.570694,-122.688814,1,128,0,,104.2,0334,N,0,5,1,0,0,0,,United States,0,1,3.98,,,,17270654                      ,1978,PORTLAND POLICE BUREAU                            ,1111 SW 2ND AVE                  ,                                 ,PORTLAND          ,OR,972043232 ,S,US,https://tar1090.adsbexchange.com/?icao=A9ED9D&lat=45.409&lon=-122.898&zoom=9.0&showTrace=2020-07-26
2020-07-25 21:30:02,1595737798537,A68B71,N5201H,C172,1,96.5,0,1200,1271,,45.470718,-122.46303,1,448,0,,197.5,1200,N5201H,0,5,1,0,0,0,,United States,0,0,9.15,,,,17265374                      ,1975,GORGE WINDS AVIATION INC                          ,PO BOX 224                       ,                                 ,FAIRVIEW          ,OR,970240224 ,S,US,https://tar1090.adsbexchange.com/?icao=A68B71&lat=45.409&lon=-122.898&zoom=9.0&showTrace=2020-07-26
2020-07-25 21:30:02,1595737796580,A73E34,N566LF,A119,1,160.1,0,4850,4921,,45.548309,-122.101515,0,0,0,,237.5,1200,N566LF,0,5,1,0,0,0,,United States,0,1,24.24,,,,14808                         ,2013,WELLS FARGO TRUST CO NA TRUSTEE                   ,MAC: U1228-51                    ,299 S MAIN ST FL 5               ,SALT LAKE CITY    ,UT,841112689 ,S,US,https://tar1090.adsbexchange.com/?icao=A73E34&lat=45.409&lon=-122.898&zoom=9.0&showTrace=2020-07-26
2020-07-25 21:30:02,1595737797477,A66BC3,N5124B,C152,1,100.2,0,4400,4501,,45.482895,-123.121883,1,-64,0,,192.1,4736,N5124B,0,5,1,0,0,0,,United States,0,0,18.84,,,,15283761                      ,1979,HILLSBORO AERO ACADEMY LLCC                       ,3565 NE CORNELL                  ,                                 ,HILLSBORO         ,OR,97124     ,S,US,https://tar1090.adsbexchange.com/?icao=A66BC3&lat=45.409&lon=-122.898&zoom=9.0&showTrace=2020-07-26
2020-07-25 21:30:02,1595737798686,A9ED9D,N739MR,C172,1,99.2,0,2400,2489,,45.565377,-122.666199,1,0,0,,217.2,0334,N,0,5,1,0,0,0,,United States,0,1,3.64,,,,17270654                      ,1978,PORTLAND POLICE BUREAU                            ,1111 SW 2ND AVE                  ,                                 ,PORTLAND          ,OR,972043232 ,S,US,https://tar1090.adsbexchange.com/?icao=A9ED9D&lat=45.409&lon=-122.898&zoom=9.0&showTrace=2020-07-26
2020-07-25 22:00:01,1595739595694,A0A996,N1416E,C172,1,105.3,0,6400,6489,,45.224242,-123.001322,1,0,0,,355.6,4713,N1416E,0,5,1,0,0,0,,United States,0,0,21.75,,,,17270989                      ,1978,SALEM PILOTS ASSOCIATION                          ,PO BOX 105                       ,                                 ,SALEM             ,OR,973080105 ,S,US,https://tar1090.adsbexchange.com/?icao=A0A996&lat=45.409&lon=-122.898&zoom=9.0&showTrace=2020-07-26
2020-07-25 22:00:01,1595739596447,AD56C8,N959HC,C172,1,95.9,0,4100,4189,,45.705048,-122.843762,1,-512,0,,101.4,0132,N959HC,0,5,1,0,0,0,,United States,0,0,13.93,,,,17262361                      ,1973,HESSTON COLLEGE                                   ,PO BOX 3000                      ,                                 ,HESSTON           ,KS,670622093 ,3,US,https://tar1090.adsbexchange.com/?icao=AD56C8&lat=45.409&lon=-122.898&zoom=9.0&showTrace=2020-07-26
2020-07-25 22:00:01,1595739596596,A53E93,N437QX,DH8D,2,363.9,0,21000,21089,,45.389037,-122.733698,0,0,0,,195.3,4630,QXE2286,0,5,1,0,0,0,QXE,United States,0,0,7.39,KPDX Portland United States,KSEA Seattle Tacoma United States,,4240                          ,2009,HORIZON AIR INDUSTRIES INC                        ,C/O LEGAL DEPT - SEAZL           ,19300 INTERNATIONAL BLVD         ,SEATTLE           ,WA,98188     ,S,US,https://tar1090.adsbexchange.com/?icao=A53E93&lat=45.409&lon=-122.898&zoom=9.0&showTrace=2020-07-26
2020-07-25 22:00:01,1595739595995,A9ED9D,N739MR,C172,1,75.6,0,2550,2639,,45.514709,-122.666931,1,0,0,,332.4,0334,N,0,5,1,0,0,0,,United States,0,1,0.67,,,,17270654                      ,1978,PORTLAND POLICE BUREAU                            ,1111 SW 2ND AVE                  ,                                 ,PORTLAND          ,OR,972043232 ,S,US,https://tar1090.adsbexchange.com/?icao=A9ED9D&lat=45.409&lon=-122.898&zoom=9.0&showTrace=2020-07-26
2020-07-25 22:30:01,1595741397360,ACB772,N9185H,C172,1,90.3,0,1650,1739,,45.742927,-122.608727,1,0,0,,320.8,1200,N9185H,0,5,1,0,0,0,,United States,0,0,14.54,,,,17265999                      ,1975,FLYIT LLC                                         ,1517 NE 314TH AVE                ,                                 ,WASHOUGAL         ,WA,986719268 ,S,US,https://tar1090.adsbexchange.com/?icao=ACB772&lat=45.409&lon=-122.898&zoom=9.0&showTrace=2020-07-26
2020-07-25 22:30:01,1595741396462,A37ECA,N324SP,C172,1,108.9,0,2450,2551,,45.614731,-123.070589,1,-576,0,,134.3,1200,N324SP,0,5,1,0,0,0,,United States,0,0,17.87,,,,172S8249                      ,1999,HAGELE AVIATION LLC                               ,5863 NE WELLER CT                ,                                 ,HILLSBORO         ,OR,971247297 ,S,US,https://tar1090.adsbexchange.com/?icao=A37ECA&lat=45.409&lon=-122.898&zoom=9.0&showTrace=2020-07-26
2020-07-25 22:30:01,1595741396157,AD56C8,N959HC,C172,1,100.9,0,2100,2201,,45.445365,-122.798343,1,-192,0,,256.2,1200,N959HC,0,5,1,0,0,0,,United States,0,0,6.31,,,,17262361                      ,1973,HESSTON COLLEGE                                   ,PO BOX 3000                      ,                                 ,HESSTON           ,KS,670622093 ,3,US,https://tar1090.adsbexchange.com/?icao=AD56C8&lat=45.409&lon=-122.898&zoom=9.0&showTrace=2020-07-26
2020-07-25 22:30:01,1595741397970,A86B74,N6411G,C150,1,107.7,0,3200,3280,,45.583625,-122.416809,1,-1280,0,,238.7,3547,N6411G,0,5,1,0,0,0,,United States,0,0,11.83,,,,15071911                      ,1970,L-BIRD LLC                                        ,1750 COUNTRY CLUB RD             ,                                 ,HOOD RIVER        ,OR,970318636 ,S,US,https://tar1090.adsbexchange.com/?icao=A86B74&lat=45.409&lon=-122.898&zoom=9.0&showTrace=2020-07-26
2020-07-25 22:30:01,1595741397360,A06CF3,N1264U,C172,1,100.1,0,6500,6589,,45.243942,-123.111289,1,-64,0,,21.7,4764,N1264U,0,5,1,0,0,0,,United States,0,0,24.16,,,,17266959                      ,1976,FRONTIER FLIGHT SERVICES INC                      ,5695 SW AIRPORT PL               ,                                 ,CORVALLIS         ,OR,973339547 ,S,US,https://tar1090.adsbexchange.com/?icao=A06CF3&lat=45.409&lon=-122.898&zoom=9.0&showTrace=2020-07-26
2020-07-25 22:30:01,1595741396910,A2228B,N237AK,B739,2,437.6,0,36600,36610,6016,45.73407,-122.587928,0,-2688,0,334.7,350,1032,ASA1412,0,5,1,0,0,0,ASA,United States,0,0,14.22,KLAX Los Angeles United States,KJFK John F Kennedy New York United States,,36357                         ,2016,ALASKA AIRLINES INC                               ,C/O LEGAL DEPARTMENT - SEAZL     ,19300 INTERNATIONAL BLVD         ,SEATTLE           ,WA,98188     ,S,US,https://tar1090.adsbexchange.com/?icao=A2228B&lat=45.409&lon=-122.898&zoom=9.0&showTrace=2020-07-26
2020-07-25 23:00:01,1595743197717,A86B74,N6411G,C150,1,82.7,0,600,701,,45.591248,-122.553763,1,-128,0,,124.7,3547,N6411G,0,5,1,0,0,0,,United States,0,0,7.26,,,,15071911                      ,1970,L-BIRD LLC                                        ,1750 COUNTRY CLUB RD             ,                                 ,HOOD RIVER        ,OR,970318636 ,S,US,https://tar1090.adsbexchange.com/?icao=A86B74&lat=45.409&lon=-122.898&zoom=9.0&showTrace=2020-07-26
2020-07-25 23:00:01,1595743199522,ACB772,N9185H,C172,1,64.1,0,550,651,,45.548106,-122.95713,1,768,0,,325.8,1200,N9185H,0,5,1,0,0,0,,United States,0,0,12.14,,,,17265999                      ,1975,FLYIT LLC                                         ,1517 NE 314TH AVE                ,                                 ,WASHOUGAL         ,WA,986719268 ,S,US,https://tar1090.adsbexchange.com/?icao=ACB772&lat=45.409&lon=-122.898&zoom=9.0&showTrace=2020-07-26
2020-07-25 23:30:01,1595744994618,ABB288,N853AL,PC12,1,150,0,1700,1801,,45.582601,-122.620125,1,2304,0,,181.1,4702,N853AL,0,5,1,0,0,0,,United States,0,0,5.19,,,,168                           ,1996,METRO AVIATION INC                                ,1214 HAWN AVE                    ,                                 ,SHREVEPORT        ,LA,711076612 ,2,US,https://tar1090.adsbexchange.com/?icao=ABB288&lat=45.409&lon=-122.898&zoom=9.0&showTrace=2020-07-26
2020-07-25 23:30:01,1595744995218,A03B27,N114AZ,RV14,1,144.3,0,1650,1751,,45.483212,-122.703217,0,0,0,,125.1,0165,N114AZ,0,5,1,0,0,0,,United States,0,0,1.77,,,,140304                        ,2019,WEBB BRENT E                                      ,2340 US HWY 180 E #216           ,                                 ,SILVER CITY       ,NM,88061     ,2,US,https://tar1090.adsbexchange.com/?icao=A03B27&lat=45.409&lon=-122.898&zoom=9.0&showTrace=2020-07-26
2020-07-25 23:30:01,1595744994162,ACB772,N9185H,C172,1,95.2,0,1075,1176,,45.543411,-122.971344,1,640,0,,148.3,1200,N9185H,0,5,1,0,0,0,,United States,0,0,12.67,,,,17265999                      ,1975,FLYIT LLC                                         ,1517 NE 314TH AVE                ,                                 ,WASHOUGAL         ,WA,986719268 ,S,US,https://tar1090.adsbexchange.com/?icao=ACB772&lat=45.409&lon=-122.898&zoom=9.0&showTrace=2020-07-26
2020-07-25 23:30:01,1595744996125,A656BF,N5073N,C172,1,100,0,7400,7501,,45.698822,-123.025974,1,0,0,,172,4606,N5073N,0,5,1,0,0,0,,United States,0,0,18.77,,,,17276404                      ,1985,PAVCO INC                                         ,1110 26TH AVE NW                 ,                                 ,GIG HARBOR        ,WA,983358834 ,S,US,https://tar1090.adsbexchange.com/?icao=A656BF&lat=45.409&lon=-122.898&zoom=9.0&showTrace=2020-07-26
2020-07-26 00:00:01,1595746771864,ACB772,N9185H,C172,1,67,0,475,564,,45.62771,-122.394905,1,-832,0,,271.7,0154,N9185H,0,5,1,0,0,0,,United States,0,0,13.88,,,,17265999                      ,1975,FLYIT LLC                                         ,1517 NE 314TH AVE                ,                                 ,WASHOUGAL         ,WA,986719268 ,S,US,https://tar1090.adsbexchange.com/?icao=ACB772&lat=45.409&lon=-122.898&zoom=9.0&showTrace=2020-07-26
2020-07-26 00:00:01,1595746797749,A88B46,N65KD,C172,1,84.1,0,1050,1160,,45.432816,-122.96657,1,-640,0,,205.3,1200,N65KD,0,5,1,0,0,0,,United States,0,0,13.01,,,,,,,,,,,,,,https://tar1090.adsbexchange.com/?icao=A88B46&lat=45.409&lon=-122.898&zoom=9.0&showTrace=2020-07-26
2020-07-26 00:30:01,1595748595616,A06CF3,N1264U,C172,1,105.7,0,5500,5601,,45.31572,-123.079769,1,64,0,,209.5,6604,N1264U,0,5,1,0,0,0,,United States,0,0,20.49,,,,17266959                      ,1976,FRONTIER FLIGHT SERVICES INC                      ,5695 SW AIRPORT PL               ,                                 ,CORVALLIS         ,OR,973339547 ,S,US,https://tar1090.adsbexchange.com/?icao=A06CF3&lat=45.409&lon=-122.898&zoom=9.0&showTrace=2020-07-26
2020-07-26 01:30:01,1595752195655,A04EBB,N119MF,B407,1,132,0,2925,3035,1088,45.242935,-122.672359,0,128,0,,359.6,0143,N119MF,0,5,1,0,0,0,,United States,0,0,15.73,,,,54550                         ,2014,MERCY FLIGHTS INC                                 ,2020 MILLIGAN WAY                ,                                 ,MEDFORD           ,OR,975045894 ,S,US,https://tar1090.adsbexchange.com/?icao=A04EBB&lat=45.409&lon=-122.898&zoom=9.0&showTrace=2020-07-26
2020-07-26 02:00:01,1595753999247,A1CCC5,N215HA,A21N,2,206.8,0,2400,2510,2496,45.428187,-122.477261,0,0,0,49.9,66,2427,HAL8032,0,5,1,0,0,0,HAL,United States,0,0,9.51,,,,8266                          ,2018,HAWAIIAN AIRLINES INC                             ,3375 KOAPAKA ST STE G350         ,                                 ,HONOLULU          ,HI,968191804 ,4,US,https://tar1090.adsbexchange.com/?icao=A1CCC5&lat=45.409&lon=-122.898&zoom=9.0&showTrace=2020-07-26
2020-07-26 21:00:01,1595822397485,A3ECC8,N352FR,A20N,2,161.4,0,650,571,7008,45.584061,-122.568635,0,3072,0,,120.5,6651,,0,2,1,0,0,0,FFT,United States,0,0,6.51,,,,8976                          ,2019,WELLS FARGO TRUST CO NA TRUSTEE                   ,299 S MAIN ST 5TH FLOOR          ,                                 ,SALT LAKE CITY    ,UT,84111     ,S,US,https://tar1090.adsbexchange.com/?icao=A3ECC8&lat=45.409&lon=-122.898&zoom=9.0&showTrace=2020-07-27
2020-07-26 21:00:01,1595822397785,A838E2,N629NK,A320,2,349.1,0,13050,12990,23008,45.374588,-122.243238,0,2880,0,,168.4,6623,NKS261,0,5,1,0,0,0,NKS,United States,0,0,19.79,KPDX Portland United States,KLAS McCarran Las Vegas United States,,6300                          ,2014,SPIRIT AIRLINES INC                               ,2800 EXECUTIVE WAY               ,                                 ,MIRAMAR           ,FL,330256542 ,7,US,https://tar1090.adsbexchange.com/?icao=A838E2&lat=45.409&lon=-122.898&zoom=9.0&showTrace=2020-07-27
2020-07-26 21:00:01,1595822396588,A21A05,N2342L,BE23,1,96.3,0,1500,1421,,45.699261,-122.637634,0,-64,0,,94.8,1200,,0,2,1,0,0,0,,United States,0,0,11.75,,,,M-173                         ,1963,WILLIAMS JAMES W                                  ,14707 NW 7TH PL                  ,                                 ,VANCOUVER         ,WA,986855762 ,S,US,https://tar1090.adsbexchange.com/?icao=A21A05&lat=45.409&lon=-122.898&zoom=9.0&showTrace=2020-07-27
2020-07-26 21:00:01,1595822398086,A73D1E,N5659P,M5,1,123.1,0,1775,1696,,45.31041,-122.930407,1,-384,0,,223.7,1200,N5659P,0,5,1,0,0,0,,United States,0,0,15.88,,,,8037C                         ,    ,FARMER TODD                                       ,17207 SW GREEN HERON DR          ,                                 ,SHERWOOD          ,OR,971408973 ,S,US,https://tar1090.adsbexchange.com/?icao=A73D1E&lat=45.409&lon=-122.898&zoom=9.0&showTrace=2020-07-27
2020-07-26 21:00:01,1595822397035,A62201,N4945F,R44,1,89,0,1800,1721,,45.518143,-122.709503,1,-960,0,,57.4,1200,N4945F,0,5,1,0,0,0,,United States,0,0,1.65,,,,10015                         ,2002,EMERALD CITY AIRCRAFT LEASING INC                 ,PO BOX 1674                      ,                                 ,PORT ORCHARD      ,WA,983660175 ,S,US,https://tar1090.adsbexchange.com/?icao=A62201&lat=45.409&lon=-122.898&zoom=9.0&showTrace=2020-07-27
2020-07-26 21:00:01,1595822397184,A6A5E7,N5274V,C172,1,117.6,0,1375,1315,1216,45.236625,-122.789634,1,0,0,,185.9,1200,N5274V,0,5,1,0,0,0,,United States,0,0,16.82,,,,172S11005                     ,2009,H & R AVIATION LLC                                ,2880 WHITE SALMON CT             ,                                 ,WEST LINN         ,OR,970682961 ,S,US,https://tar1090.adsbexchange.com/?icao=A6A5E7&lat=45.409&lon=-122.898&zoom=9.0&showTrace=2020-07-27
2020-07-26 21:00:01,1595822397635,A5622D,N446PA,PA44,1,82.2,0,775,715,3008,45.515985,-122.924217,1,-256,0,,323.4,1200,N446PA,0,5,1,0,0,0,,United States,0,0,10.5,,,,4496086                       ,2001,HILLSBORO AERO ACADEMY LLC                        ,3565 NE CORNELL RD               ,                                 ,HILLSBORO         ,OR,971246374 ,S,US,https://tar1090.adsbexchange.com/?icao=A5622D&lat=45.409&lon=-122.898&zoom=9.0&showTrace=2020-07-27
2020-07-26 21:00:01,1595822397340,A85CE8,N638QX,E75L,2,238.6,0,4925,4845,4000,45.801636,-122.676153,0,-1344,0,,232,4624,QXE2708,0,5,1,0,0,0,QXE,United States,0,0,17.79,KSEA Seattle Tacoma United States,KBOI Boise Air TerminalGowen field United States,,17000757                      ,2018,HORIZON AIR INDUSTRIES INC                        ,C/O LEGAL DEPT SEA2L             ,19300 INTERNATIONAL BLVD         ,SEATTLE           ,WA,98188     ,S,US,https://tar1090.adsbexchange.com/?icao=A85CE8&lat=45.409&lon=-122.898&zoom=9.0&showTrace=2020-07-27
2020-07-26 21:00:01,1595822398238,A55736,N443QX,DH8D,2,335.9,0,23000,22921,,45.293605,-122.638639,0,0,0,,184.3,4623,QXE2038,0,5,1,0,0,0,QXE,United States,0,0,12.78,,,,4353                          ,2011,HORIZON AIR INDUSTRIES INC                        ,C/O LEGAL DEPARTMENT - SEAZL     ,19300 INTERNATIONAL BLVD         ,SEATAC            ,WA,981885304 ,S,US,https://tar1090.adsbexchange.com/?icao=A55736&lat=45.409&lon=-122.898&zoom=9.0&showTrace=2020-07-27
2020-07-26 21:00:01,1595822398686,A07EE3,N13096,C172,1,74.3,0,2475,2415,,45.418076,-122.70231,1,448,0,6.3,23.8,0141,N13096,0,5,1,0,0,0,,United States,0,0,5.35,,,,17262490                      ,1973,FLIGHTS COOL LLC                                  ,921 SW SHAKER PL                 ,                                 ,PORTLAND          ,OR,972256152 ,S,US,https://tar1090.adsbexchange.com/?icao=A07EE3&lat=45.409&lon=-122.898&zoom=9.0&showTrace=2020-07-27
2020-07-26 21:00:01,1595822392362,A6C616,N5355Q,C152,1,54,0,400,309,,45.548991,-122.421066,1,-576,0,,90,1200,N5355Q,0,5,1,0,0,0,,United States,0,0,10.99,,,,15285104                      ,1981,GORGE WINDS AVIATION INC                          ,PO BOX 224                       ,                                 ,FAIRVIEW          ,OR,970240224 ,S,US,https://tar1090.adsbexchange.com/?icao=A6C616&lat=45.409&lon=-122.898&zoom=9.0&showTrace=2020-07-27
2020-07-26 21:00:01,1595822398388,A8A017,N655JB,A320,2,223.7,0,3075,2995,2496,45.733109,-122.758015,0,-1152,0,189.8,238.2,3060,JBU1205,0,5,1,0,0,0,JBU,United States,0,0,14.12,KJFK John F Kennedy New York United States,KPDX Portland United States,,3072                          ,2007,JETBLUE AIRWAYS CORP                              ,27-01 QUEENS PLAZA NORTH         ,                                 ,LONG ISLAND       ,NY,111014020 ,1,US,https://tar1090.adsbexchange.com/?icao=A8A017&lat=45.409&lon=-122.898&zoom=9.0&showTrace=2020-07-27
2020-07-26 21:30:01,1595824196206,A57900,N4516C,C170,1,61.7,0,800,709,,45.550015,-122.380623,1,448,0,,24.9,1200,N4516C,0,5,1,0,0,0,,United States,0,0,12.66,,,,25460                         ,1952,STAHLMAN MICHAEL J                                ,5431 NE BROADWAY ST              ,                                 ,PORTLAND          ,OR,972133529 ,S,US,https://tar1090.adsbexchange.com/?icao=A57900&lat=45.409&lon=-122.898&zoom=9.0&showTrace=2020-07-27
2020-07-26 21:30:01,1595824195605,AADFC8,N80CT,C152,1,73.5,0,4325,4254,,45.490335,-123.137378,1,640,0,,195,4710,N80CT,0,5,1,0,0,0,,United States,0,0,19.47,,,,,,,,,,,,,,https://tar1090.adsbexchange.com/?icao=AADFC8&lat=45.409&lon=-122.898&zoom=9.0&showTrace=2020-07-27
2020-07-26 21:30:01,1595824197409,A5EA33,N480SK,P3,2,168.4,0,1400,1340,4000,45.549084,-122.479088,0,-704,0,,299.9,1422,OMAHA80,0,5,1,0,0,0,,United States,0,0,8.65,,,,154580                        ,    ,U S CUSTOMS & BORDER PROTECTION                   ,1300 PENNSYLVANIA AVE NW STE 8.4D,                                 ,WASHINGTON        ,DC,202290002 ,1,US,https://tar1090.adsbexchange.com/?icao=A5EA33&lat=45.409&lon=-122.898&zoom=9.0&showTrace=2020-07-27
2020-07-26 21:30:01,1595824147814,A07EE3,N13096,C172,1,57.3,0,425,365,,45.574548,-122.571236,0,-320,0,6.3,317.1,5571,N13096,0,5,1,0,0,0,,United States,0,0,6.03,,,,17262490                      ,1973,FLIGHTS COOL LLC                                  ,921 SW SHAKER PL                 ,                                 ,PORTLAND          ,OR,972256152 ,S,US,https://tar1090.adsbexchange.com/?icao=A07EE3&lat=45.409&lon=-122.898&zoom=9.0&showTrace=2020-07-27
2020-07-26 21:30:01,1595824196508,A6CE36,N538AS,B738,2,443.4,0,28800,28810,6016,45.919546,-122.633995,0,-2240,0,336.1,350.3,7312,ASA525,0,5,1,0,0,0,ASA,United States,0,0,24.93,KBUR Bob Hope Burbank United States,KSEA Seattle Tacoma United States,,41188                         ,2012,ALASKA AIRLINES INC                               ,C/O LEGAL DEPARTMENT - SEAZL     ,19300 INTERNATIONAL BLVD         ,SEATTLE           ,WA,98188     ,S,US,https://tar1090.adsbexchange.com/?icao=A6CE36&lat=45.409&lon=-122.898&zoom=9.0&showTrace=2020-07-27
2020-07-26 22:00:01,1595825997940,A81316,N6194E,C172,1,86.5,0,3175,3115,2912,45.727066,-122.587258,0,256,0,21.1,292.4,0132,N6194E,0,5,1,0,0,0,,United States,0,0,13.82,,,,17271998                      ,1978,REEBURGH SCOTT L                                  ,17505 NE 31ST ST                 ,                                 ,VANCOUVER         ,WA,986823668 ,S,US,https://tar1090.adsbexchange.com/?icao=A81316&lat=45.409&lon=-122.898&zoom=9.0&showTrace=2020-07-27
2020-07-26 22:00:01,1595825998243,A5FDE4,N48521,C152,1,103,0,4450,4391,,45.858563,-122.862511,1,-128,0,,359.4,4757,N48521,0,5,1,0,0,0,,United States,0,0,22.62,,,,15283346                      ,1979,HILLSBORO AERO ACADEMY LLC                        ,3565 NE CORNELL RD               ,                                 ,HILLSBORO         ,OR,971246374 ,S,US,https://tar1090.adsbexchange.com/?icao=A5FDE4&lat=45.409&lon=-122.898&zoom=9.0&showTrace=2020-07-27
2020-07-26 22:00:01,1595825998394,A5424A,N438QX,DH8D,2,344.5,0,20900,20829,,45.225173,-122.798276,0,64,0,277.7,195.5,4625,QXE2286,0,5,1,0,0,0,QXE,United States,0,0,17.58,KPDX Portland United States,KSEA Seattle Tacoma United States,,4243                          ,2009,HORIZON AIR INDUSTRIES INC                        ,C/O LEGAL DEPT SEAZL             ,19300 INTERNATIONAL BLVD         ,SEATAC            ,WA,981885304 ,S,US,https://tar1090.adsbexchange.com/?icao=A5424A&lat=45.409&lon=-122.898&zoom=9.0&showTrace=2020-07-27
2020-07-26 22:00:01,1595825997041,A777BF,N580UW,A321,2,164.2,0,1650,1590,4000,45.53684,-122.472102,0,-704,0,,298.7,7124,AAL1736,0,5,1,0,0,0,AAL,United States,0,0,8.74,KCLT Charlotte Douglas United States,KPDX Portland United States,,6133                          ,2014,AMERICAN AIRLINES INC                             ,1 SKYVIEW DR                     ,MD 8B369                         ,FORT WORTH        ,TX,76155     ,2,US,https://tar1090.adsbexchange.com/?icao=A777BF&lat=45.409&lon=-122.898&zoom=9.0&showTrace=2020-07-27
2020-07-26 22:30:02,1595827797476,A04A6D,N118FE,B763,3,340.2,0,12675,12615,36992,45.562723,-122.819733,0,5056,0,123.8,133.9,6617,FDX781,0,5,1,0,0,0,FDX,United States,0,0,7,KMEM Memphis United States,KPDX Portland United States,,42714                         ,2015,FEDERAL EXPRESS CORP                              ,ATTN MGR FAA & INDUSTRY AFFAIRS  ,3131 DEMOCRAT RD                 ,MEMPHIS           ,TN,381181516 ,3,US,https://tar1090.adsbexchange.com/?icao=A04A6D&lat=45.409&lon=-122.898&zoom=9.0&showTrace=2020-07-27
2020-07-26 22:30:02,1595827795815,ACB772,N9185H,C172,1,105.3,0,1750,1679,,45.735397,-122.600723,1,-64,0,,288.3,1200,N9185H,0,5,1,0,0,0,,United States,0,0,14.16,,,,17265999                      ,1975,FLYIT LLC                                         ,1517 NE 314TH AVE                ,                                 ,WASHOUGAL         ,WA,986719268 ,S,US,https://tar1090.adsbexchange.com/?icao=ACB772&lat=45.409&lon=-122.898&zoom=9.0&showTrace=2020-07-27
2020-07-26 22:30:02,1595827796869,A73E34,N566LF,A119,1,139.9,0,2000,1941,,45.852092,-122.909546,0,128,0,,350.5,0316,N566LF,0,5,1,0,0,0,,United States,0,1,23.02,,,,14808                         ,2013,WELLS FARGO TRUST CO NA TRUSTEE                   ,MAC: U1228-51                    ,299 S MAIN ST FL 5               ,SALT LAKE CITY    ,UT,841112689 ,S,US,https://tar1090.adsbexchange.com/?icao=A73E34&lat=45.409&lon=-122.898&zoom=9.0&showTrace=2020-07-27
2020-07-26 22:30:02,1595827797476,A81316,N6194E,C172,1,91.4,0,2575,2515,3296,45.474786,-122.945988,0,448,0,165.2,197.8,0132,N6194E,0,5,1,0,0,0,,United States,0,0,11.54,,,,17271998                      ,1978,REEBURGH SCOTT L                                  ,17505 NE 31ST ST                 ,                                 ,VANCOUVER         ,WA,986823668 ,S,US,https://tar1090.adsbexchange.com/?icao=A81316&lat=45.409&lon=-122.898&zoom=9.0&showTrace=2020-07-27
2020-07-26 23:00:01,1595829595716,A154E6,N185SY,E75L,2,223.5,0,4050,4010,4000,45.63002,-122.366125,0,-128,0,,148.7,4667,SKW3448,0,5,1,0,0,0,SKW,United States,0,0,14.98,,,,17000600                      ,2016,SKYWEST AIRLINES INC                              ,444 S RIVER RD                   ,                                 ,SAINT GEORGE      ,UT,847902085 ,S,US,https://tar1090.adsbexchange.com/?icao=A154E6&lat=45.409&lon=-122.898&zoom=9.0&showTrace=2020-07-27
2020-07-26 23:00:01,1595829597224,A81316,N6194E,C172,1,76.6,0,1050,990,2912,45.539727,-122.410405,0,-64,0,25.3,33.3,1200,N6194E,0,5,1,0,0,0,,United States,0,0,11.31,,,,17271998                      ,1978,REEBURGH SCOTT L                                  ,17505 NE 31ST ST                 ,                                 ,VANCOUVER         ,WA,986823668 ,S,US,https://tar1090.adsbexchange.com/?icao=A81316&lat=45.409&lon=-122.898&zoom=9.0&showTrace=2020-07-27
2020-07-26 23:30:02,1595831400871,A73E34,N566LF,A119,1,88.2,0,1325,1275,,45.514252,-122.789285,0,-640,0,,162.2,0316,N566LF,0,5,1,0,0,0,,United States,0,1,4.84,,,,14808                         ,2013,WELLS FARGO TRUST CO NA TRUSTEE                   ,MAC: U1228-51                    ,299 S MAIN ST FL 5               ,SALT LAKE CITY    ,UT,841112689 ,S,US,https://tar1090.adsbexchange.com/?icao=A73E34&lat=45.409&lon=-122.898&zoom=9.0&showTrace=2020-07-27
2020-07-26 23:30:02,1595831401175,AADFC8,N80CT,C152,1,55.2,0,200,150,,45.535304,-122.944515,1,-384,0,,324.6,1200,N80CT,0,5,1,0,0,0,,United States,0,0,11.47,,,,,,,,,,,,,,https://tar1090.adsbexchange.com/?icao=AADFC8&lat=45.409&lon=-122.898&zoom=9.0&showTrace=2020-07-27
2020-07-26 23:30:02,1595831400870,A61AF2,N49276,C152,1,90,0,1175,1125,,45.54373,-122.93795,1,128,0,,143.1,1200,N49276,0,5,1,0,0,0,,United States,0,0,11.29,,,,15281217                      ,1977,HILLSBORO AERO ACADEMY LLC                        ,3565 NE CORNELL RD               ,                                 ,HILLSBORO         ,OR,971246374 ,S,US,https://tar1090.adsbexchange.com/?icao=A61AF2&lat=45.409&lon=-122.898&zoom=9.0&showTrace=2020-07-27
